time (yr),particle1_id,particle2_id,particle1_radius (AU),particle2_radius (AU),particle1_x (kpc),particle1_y (kpc),particle1_z (kpc),particle2_x (kpc),particle2_y (kpc),particle2_z (kpc),particle1_vx (km/s),particle1_vy (km/s),particle1_vz (km/s),particle2_vx (km/s),particle2_vy (km/s),particle2_vz (km/s),particle1_mass (MSun),particle2_mass (MSun),mass_ratio,total_energy (erg),virial_ratio (Q)
66173.0358811,4556839844988743893,8675748326312419256,250.0,250.0,8.50056510916,0.00066149397667,-0.000753765490579,8.50056674334,0.000657475662421,-0.000751732635703,-0.303171639021,-0.995229427973,0.851377358557,-0.894720419029,1.24165529205,0.664246757274,1.56452773901,1.86820294087,1.19410023504,-1.971381929e+45,0.414059447321
66787.3003492,2332197625150835388,8243672890540753509,250.0,250.0,8.5003049538,-0.000696061540492,0.000331527211762,8.50030756399,-0.000693386665706,0.000328716712203,0.0795965566141,0.592752645055,-0.544782117662,-3.20526651976,-5.32225115595,1.92228205118,27.2440813151,2.95099925668,9.23215458404,-1.971381929e+45,0.414059447321
67080.4720272,8243672890540753509,2332197625150835388,125.0,125.0,8.5003063996,-0.000695158066055,0.000329525140568,8.50030499922,-0.00069586471564,0.000331338755687,-4.9587278088,-6.6501267995,4.00282525791,0.266366047791,0.737093961658,-0.770000254322,2.95099925668,27.2440813151,9.23215458404,-1.971381929e+45,0.414059447321
67108.3931393,4556839844988743893,8675748326312419256,125.0,125.0,8.50056465557,0.000660355381803,-0.000752831185043,8.50056556888,0.00065881983889,-0.000751196898344,-0.461288599438,-1.47087166199,1.20722149364,-1.47923995821,1.64038390842,0.367532471201,1.56452773901,1.86820294087,1.19410023504,-1.971381929e+45,0.414059447321
67202.626893,8243672890540753509,2332197625150835388,62.5,62.5,8.50030564196,-0.000696024327602,0.000330218223621,8.50030504726,-0.00069576877609,0.000331221657968,-7.74055666422,-6.85724881983,8.10546866125,0.565950034594,0.759743532265,-1.21432904792,2.95099925668,27.2440813151,9.23215458404,-1.971381929e+45,0.414059447321
67270.6846039,2332197625150835388,8243672890540753509,31.25,31.25,8.5003050986,-0.000695735354694,0.000331110958168,8.50030499285,-0.000696321925459,0.000331024089348,0.824455639453,-0.193802428894,-2.00473498594,-10.1310067135,1.94714472705,15.4029151192,27.2440813151,2.95099925668,9.23215458404,-1.971381929e+45,0.414059447321
67485.3281539,4556839844988743893,8675748326312419256,62.5,62.5,8.50056453644,0.000659709408926,-0.00075224623328,8.50056494905,0.000659518355666,-0.000751155323043,-0.0680149308377,-1.902928755,2.07509250055,-1.81067072689,2.00239454036,-0.35905648686,1.56452773901,1.86820294087,1.19410023504,-1.971381929e+45,0.414059447321
67673.7956611,4556839844988743893,8675748326312419256,31.25,31.25,8.5005645695,0.000659373243236,-0.00075168737199,8.50056456117,0.000659878677638,-0.000751357589534,0.379029538396,-0.999371020377,4.03978966661,-2.1873675445,1.2458015167,-2.00428692972,1.56452773901,1.86820294087,1.19410023504,-1.971381929e+45,0.414059447321
68741.7782022,9216420561047660054,1948522190424490420,250.0,250.0,8.49991594923,0.00094885859706,-0.000256681204031,8.49991915221,0.000947368943454,-0.000253470267166,0.316087522408,0.0439477830565,1.10720184279,-2.44262475884,0.000428997128919,-2.00288615987,5.12177966797,5.40343984706,1.05499263876,-1.971381929e+45,0.414059447321
69258.3187777,1948522190424490420,9216420561047660054,125.0,125.0,8.49991772724,0.000947447807961,-0.000254657384593,8.4999162543,0.000948799451953,-0.000255960879846,-3.08910160826,0.437412242812,-2.60905746822,0.983240735207,-0.414787203736,1.74391736714,5.40343984706,5.12177966797,1.05499263876,-1.971381929e+45,0.414059447321
69453.766563,1948522190424490420,9216420561047660054,62.5,62.5,8.49991704271,0.000947612482347,-0.00025523385246,8.49991652089,0.000948635138623,-0.000255554421904,-3.90191994185,1.53064007524,-3.23497720866,1.83378013649,-1.56726842874,2.40319634264,5.40343984706,5.12177966797,1.05499263876,-1.971381929e+45,0.414059447321
69541.0200386,1948522190424490420,9216420561047660054,31.25,31.25,8.49991666596,0.000947838864975,-0.000255531240048,8.49991671455,0.000948400566551,-0.00025533079852,-4.43225293981,4.19651272004,-3.13721109803,2.39058148314,-4.37935689892,2.29957858401,5.40343984706,5.12177966797,1.05499263876,-1.971381929e+45,0.414059447321
94764.2547597,14487300525024546406,15524704802445919,250.0,250.0,8.50022384471,-0.00101978418018,0.000733968349447,8.50022301352,-0.00101835688183,0.000738464623059,-1.76778281059,1.89219856743,1.26275526967,-0.631506308642,-1.24649372981,-1.04487270176,2.97765203635,6.96626319432,2.33951553414,-1.971381929e+45,0.414059447321
95434.3614522,14487300525024546406,15524704802445919,125.0,125.0,8.50022252499,-0.00101843283228,0.000735293230649,8.50022255367,-0.00101923118173,0.00073755637165,-2.06536635761,1.86519397997,3.00408247057,-0.718470544701,-1.2251316818,-1.77663840507,2.97765203635,6.96626319432,2.33951553414,-1.971381929e+45,0.414059447321
96942.1015102,14853521806188378347,1291314671868102257,250.0,250.0,8.49783806842,0.00069203946968,-0.00103165539032,8.49783777998,0.000696723697447,-0.00103057560825,-1.37179300988,1.33996536825,0.99943821687,-0.693792323263,-0.912793565065,0.438898590121,2.22888216821,1.33207060128,1.67324627243,-1.971381929e+45,0.414059447321
97807.655988,1291314671868102257,14853521806188378347,125.0,125.0,8.49783716224,0.000695679454342,-0.00103024068087,8.49783684889,0.000693365928583,-0.00103073915615,-0.729469981333,-1.60466635427,0.284232636978,-1.36714615727,1.75150756914,1.0907728676,1.33207060128,2.22888216821,1.67324627243,-1.971381929e+45,0.414059447321
98114.788222,1291314671868102257,14853521806188378347,62.5,62.5,8.49783690605,0.000695056681624,-0.00103017623754,8.49783643423,0.000693986935902,-0.00103038176193,-1.00802845315,-2.57065188685,0.0868182625049,-1.20966782679,2.32811737693,1.20836779966,1.33207060128,2.22888216821,1.67324627243,-1.971381929e+45,0.414059447321
98229.9628098,14853521806188378347,1291314671868102257,31.25,31.25,8.49783631308,0.000694296997762,-0.00103023297987,8.4978367513,0.000694693898435,-0.00103017681974,-0.673966303303,3.07128300463,1.33506234504,-1.9097668181,-3.81459401647,-0.125417128315,2.22888216821,1.33207060128,1.67324627243,-1.971381929e+45,0.414059447321
98280.5698256,1291314671868102257,14853521806188378347,15.625,15.625,8.49783660413,0.000694469059931,-0.00103018581241,8.49783630706,0.000694472333076,-0.00103016238988,-4.48985192655,-4.79201663114,-0.149196384265,0.866768833068,3.65531395493,1.349209359,1.33207060128,2.22888216821,1.67324627243,-1.971381929e+45,0.414059447321
99706.2916167,15524704802445919,1638960436541020876,62.5,250.0,8.50021676985,-0.00101707620017,0.000733609743517,8.50021550371,-0.00101560311611,0.000735930695187,-1.4445084848,0.526900726583,-0.222889107756,0.472675670641,-2.04716505212,-4.20765212998,6.96626319432,1.04164437177,6.68775580528,-1.971381929e+45,0.414059447321
99964.5619044,15524704802445919,1638960436541020876,31.25,125.0,8.50021637678,-0.0010169269197,0.000733572047149,8.50021570219,-0.0010162292284,0.000734688806782,-1.55938944934,0.631551882682,-0.0180190853868,1.21421769444,-2.88006074249,-5.49507495377,6.96626319432,1.04164437177,6.68775580528,-1.971381929e+45,0.414059447321
100055.305519,1638960436541020876,15524704802445919,62.5,15.625,8.50021585676,-0.00101653803198,0.000734112497427,8.50021622581,-0.00101686241068,0.000733580486524,2.41933205491,-4.03321457077,-7.35053200547,-1.73945311531,0.797327542676,0.263498447284,1.04164437177,6.96626319432,6.68775580528,-1.971381929e+45,0.414059447321
100085.844235,1638960436541020876,15524704802445919,31.25,7.8125,8.50021595411,-0.00101668201498,0.000733853137895,8.50021616823,-0.00101683484891,0.000733593191475,4.25575596702,-5.48790004748,-9.77445749645,-2.01403821932,1.01264141735,0.627283592271,1.04164437177,6.96626319432,6.68775580528,-1.971381929e+45,0.414059447321
100097.187187,1638960436541020876,15524704802445919,15.625,3.90625,8.50021601668,-0.00101675433878,0.000733724777955,8.50021614289,-0.0010168218114,0.000733602709917,7.27202282391,-7.35145672884,-13.036204909,-2.46502792594,1.29048079263,1.11549802804,1.04164437177,6.96626319432,6.68775580528,-1.971381929e+45,0.414059447321
100101.440794,15524704802445919,1638960436541020876,1.953125,7.8125,8.5002161309,-0.00101681560273,0.000733608674737,8.50021605677,-0.00101679030163,0.00073366063299,-3.2425601173,1.62468723197,1.75581773626,12.4720311637,-9.58858130801,-17.3172683104,6.96626319432,1.04164437177,6.68775580528,-1.971381929e+45,0.414059447321
100103.022263,15524704802445919,1638960436541020876,0.9765625,3.90625,8.50021612482,-0.00101681274851,0.000733612018984,8.50021608251,-0.00101680732528,0.00073362925145,-4.6318325863,1.93935078281,2.51001693884,21.7631677875,-11.693729718,-22.36070843,6.96626319432,1.04164437177,6.68775580528,-1.971381929e+45,0.414059447321
100103.594864,15524704802445919,1638960436541020876,0.48828125,1.953125,8.50021612159,-0.00101681158652,0.000733613645022,8.50021609873,-0.00101681434916,0.000733615112666,-6.96385066146,1.93704068226,3.04492241598,37.3591411585,-11.6785537588,-25.9378591618,6.96626319432,1.04164437177,6.68775580528,-1.971381929e+45,0.414059447321
100103.840265,1638960436541020876,15524704802445919,0.9765625,0.244140625,8.5002161107,-0.00101681664667,0.000733608877296,8.50021611946,-0.0010168111951,0.0007336143682,62.6975964751,-3.13911352983,-20.0195495377,-10.7526325496,0.660146362513,2.15998605557,1.04164437177,6.96626319432,6.68775580528,-1.971381929e+45,0.414059447321
104676.249586,1615945706752191604,8243672890540753509,250.0,15.625,8.50031798091,-0.000640721082983,0.000312054555278,8.50031601041,-0.000641753252994,0.000310800055199,-2.21001443729,-2.57347942837,-0.657111956052,0.529791305803,0.696400920129,-0.532772137243,1.62226076057,2.95099925668,1.81906591616,-1.971381929e+45,0.414059447321
105039.224044,1615945706752191604,8243672890540753509,125.0,7.8125,8.50031699879,-0.000641727137661,0.000311682613262,8.50031628706,-0.000641470128345,0.000310673380868,-3.27623039963,-2.74002016619,-1.65539473254,1.0678238886,0.770240567892,0.019918900034,1.62226076057,2.95099925668,1.81906591616,-1.971381929e+45,0.414059447321
105206.750717,6404756411491303248,31285298624912961,250.0,250.0,8.49821562312,0.000470252213723,-0.000553462026732,8.49821735069,0.000468073296856,-0.000557419943696,-1.08432541582,0.172739858457,0.232171222006,-1.36831663346,0.605841384462,2.30101150292,1.26575676063,1.57731698151,1.24614541322,-1.971381929e+45,0.414059447321
106267.75298,31285298624912961,6404756411491303248,125.0,125.0,8.49821578079,0.000468835976491,-0.000554766111959,8.49821455204,0.000470308957674,-0.00055340478861,-1.59099811091,0.878227363574,2.6547291179,-0.808010315705,-0.165731666586,-0.206711643617,1.57731698151,1.26575676063,1.24614541322,-1.971381929e+45,0.414059447321
106644.687995,31285298624912961,6404756411491303248,62.5,62.5,8.49821510393,0.000469248291119,-0.000553693446086,8.49821431715,0.000470153209405,-0.000553545776509,-2.03132970933,1.38731187452,2.91444776548,-0.272797393414,-0.799783570272,-0.529673262123,1.57731698151,1.26575676063,1.24614541322,-1.971381929e+45,0.414059447321
106854.096336,6404756411491303248,31285298624912961,31.25,31.25,8.4982143683,0.00046985870794,-0.000553622017097,8.49821458057,0.000469644294838,-0.000553099103133,0.938770353398,-2.1360004433,0.370852655096,-3.00737425952,2.45974442196,2.19210247918,1.26575676063,1.57731698151,1.24614541322,-1.971381929e+45,0.414059447321
119725.729054,15104764496170352736,3356778997525615903,250.0,250.0,8.50011116622,-0.00139163165052,0.000497699201767,8.50011148276,-0.00139252199379,0.000502430805585,-1.50361746507,-0.62564850008,0.729890901421,-1.93372263658,-0.282923717793,-1.6702534939,1.99355838282,1.50738454122,1.3225280798,-1.971381929e+45,0.414059447321
120563.36242,3356778997525615903,15104764496170352736,125.0,125.0,8.5001097834,-0.00139272804591,0.000500801627994,8.50010984916,-0.00139220053801,0.000498474461277,-2.02742284658,-0.166179286326,-2.27051877593,-1.5763198237,-0.726968735047,1.1837671542,1.50738454122,1.99355838282,1.3225280798,-1.971381929e+45,0.414059447321
120856.534098,15104764496170352736,3356778997525615903,62.5,62.5,8.50010937034,-0.00139243695644,0.000498903640399,8.50010918115,-0.00139275443802,0.000500022662846,-1.64626440895,-0.892878215288,1.82409510505,-1.95218626743,0.0466840185008,-3.11738730675,1.99355838282,1.50738454122,1.3225280798,-1.971381929e+45,0.414059447321
120957.748129,3356778997525615903,15104764496170352736,31.25,31.25,8.50010898941,-0.00139273558559,0.000499654291555,8.50010919189,-0.00139254007071,0.000499126999581,-1.64998971743,0.409832649519,-4.23571711632,-1.87934527802,-1.16922533192,2.66968609064,1.50738454122,1.99355838282,1.3225280798,-1.971381929e+45,0.414059447321
120996.139659,15104764496170352736,3356778997525615903,15.625,15.625,8.50010910947,-0.00139259324826,0.000499249360116,8.50010893599,-0.00139270989631,0.00049946478674,-2.51488188315,-1.66507855272,3.77725114467,-0.811644052144,1.06472070016,-5.70050823282,1.99355838282,1.50738454122,1.3225280798,-1.971381929e+45,0.414059447321
121011.409017,15104764496170352736,3356778997525615903,7.8125,7.8125,8.50010906125,-0.00139262463696,0.0004993165264,8.50010893515,-0.00139268614797,0.000499364948465,-4.13359535265,-2.57560704157,4.96070516948,1.32831146538,2.26856422769,-7.26566159351,1.99355838282,1.50738454122,1.3225280798,-1.971381929e+45,0.414059447321
121018.607429,15104764496170352736,3356778997525615903,3.90625,3.90625,8.50010901943,-0.00139264835697,0.000499353708547,8.50010896,-0.00139266315402,0.000499310584072,-8.11270035796,-4.05773734966,4.35649089216,6.59043232717,4.22855511368,-6.46657227302,1.99355838282,1.50738454122,1.3225280798,-1.971381929e+45,0.414059447321
133714.206259,6732573129375896000,5240140768658053912,250.0,250.0,8.50033245407,-0.000866097223882,0.000497748805805,8.50033213869,-0.000868262159014,0.000493581712216,-1.94747446388,-0.569744022876,-0.858238930282,-1.52415827059,2.62036942136,3.55864056923,14.9085275221,2.16453518755,6.88763463302,-1.971381929e+45,0.414059447321
134077.180718,6732573129375896000,5240140768658053912,125.0,125.0,8.50033171463,-0.000866326974094,0.00049739160077,8.5003315781,-0.000867162920729,0.000495168419667,-2.04011781084,-0.689853464109,-1.1290452668,-1.4708971227,3.45191870473,5.42233484767,14.9085275221,2.16453518755,6.88763463302,-1.971381929e+45,0.414059447321
134209.806001,5240140768658053912,6732573129375896000,62.5,62.5,8.50033138668,-0.000866647560287,0.000496051564249,8.50033143657,-0.000866427374055,0.000497217016528,-1.32535390622,4.25001853397,8.27026700478,-2.06379587037,-0.805503473969,-1.54259057518,2.16453518755,14.9085275221,6.88763463302,-1.971381929e+45,0.414059447321
134256.922877,6732573129375896000,5240140768658053912,31.25,31.25,8.50033133671,-0.000866467490033,0.000497131436043,8.50033132555,-0.000866433788019,0.000496527552313,-2.08298017203,-0.8448536308,-2.14408499209,-1.19961952415,4.52159702126,12.412992495,14.9085275221,2.16453518755,6.88763463302,-1.971381929e+45,0.414059447321
134275.682375,6732573129375896000,5240140768658053912,15.625,15.625,8.50033129669,-0.000866482515616,0.000497083341569,8.50033130287,-0.000866355186903,0.000496813633981,-2.08216965333,-0.609903948052,-3.07026093201,-1.20748925436,2.90356802131,18.7920951079,14.9085275221,2.16453518755,6.88763463302,-1.971381929e+45,0.414059447321
134283.317054,6732573129375896000,5240140768658053912,7.8125,7.8125,8.50033128063,-0.000866484417815,0.000497055465989,8.50033129213,-0.00086635221354,0.000496987245091,-1.99980323728,0.497166363282,-4.21819374624,-1.77571076234,-4.72143884105,26.6986129695,14.9085275221,2.16453518755,6.88763463302,-1.971381929e+45,0.414059447321
145905.261868,14487300525024546406,15524704802445919,62.5,0.1220703125,8.50016621336,-0.00104095055889,0.000703056795498,8.5001662557,-0.00104035643409,0.000703144217496,-1.57287753903,7.72936269228,-2.20372740381,-0.959287059533,-3.84165957405,-0.000566982621863,2.97765203635,6.96626319432,2.33951553414,-1.971381929e+45,0.414059447321
145928.820306,15524704802445919,14487300525024546406,0.06103515625,31.25,8.50016623021,-0.00104046384179,0.000703140654796,8.50016617831,-0.00104072958988,0.00070301200223,-1.23009507809,-5.40555995101,-0.480120187457,-1.1648728875,11.3883184563,-1.08196517529,6.96626319432,2.97765203635,2.33951553414,-1.971381929e+45,0.414059447321
145937.981921,15524704802445919,14487300525024546406,0.030517578125,15.625,8.50016621666,-0.00104052209378,0.000703131006844,8.50016617213,-0.00104060509567,0.000703013912145,-1.85722548002,-7.32708508069,-2.09387654621,0.301915957222,15.8838182007,2.69346851878,6.96626319432,2.97765203635,2.33951553414,-1.971381929e+45,0.414059447321
145942.889929,14487300525024546406,15524704802445919,7.8125,0.0152587890625,8.50016618268,-0.00104051912842,0.000703051677237,8.50016620348,-0.00104056153853,0.000703110133412,4.97629768856,15.7861296561,15.3932007788,-3.85529932623,-7.28531503409,-7.52223052745,2.97765203635,6.96626319432,2.33951553414,-1.971381929e+45,0.414059447321
149322.107971,13500764651251791388,11078204623632651330,250.0,250.0,8.49821013101,0.000961230156478,-0.00104397571062,8.4982103257,0.000956460776784,-0.00104431080479,-1.17106503502,-0.873862538901,0.613175896255,-1.34531128073,1.24971602413,0.917767586837,1.05584595008,1.74034534081,1.64829475425,-1.971381929e+45,0.414059447321
150271.425786,11078204623632651330,13500764651251791388,125.0,125.0,8.49820900593,0.000957814026634,-0.00104341235436,8.49820899179,0.000960150945544,-0.0010433923437,-1.37342028059,1.62632703489,0.932832397387,-1.17582034012,-1.49489787898,0.588971058976,1.74034534081,1.05584595008,1.64829475425,-1.971381929e+45,0.414059447321
150578.55802,13500764651251791388,11078204623632651330,62.5,62.5,8.4982086209,0.000959582263258,-0.00104320585091,8.49820857412,0.000958384992409,-0.00104312023941,-1.19450752853,-2.30142784728,0.614375146516,-1.37076492826,2.11558607764,0.917540921434,1.05584595008,1.74034534081,1.64829475425,-1.971381929e+45,0.414059447321
150693.732608,13500764651251791388,11078204623632651330,31.25,31.25,8.49820847701,0.000959258255305,-0.00104312788639,8.49820841444,0.000958666292235,-0.0010430155581,-1.27935923382,-3.45483889704,0.764398806141,-1.32208548762,2.81532656246,0.826568061387,1.05584595008,1.74034534081,1.64829475425,-1.971381929e+45,0.414059447321
150736.486811,13500764651251791388,11078204623632651330,15.625,15.625,8.49820841722,0.000959078970608,-0.00104308759471,8.49820835894,0.000958806513589,-0.00104298358387,-1.5424028953,-5.11497690308,1.23365594497,-1.16355006744,3.8225044012,0.541892154774,1.05584595008,1.74034534081,1.64829475425,-1.971381929e+45,0.414059447321
150751.319901,13500764651251791388,11078204623632651330,7.8125,7.8125,8.49820839047,0.000958988681944,-0.00104306291353,8.49820834332,0.00095887220229,-0.00104297898364,-2.1685757672,-7.19356791643,2.34894759392,-0.784049129865,5.08355726805,-0.134735674315,1.05584595008,1.74034534081,1.64829475425,-1.971381929e+45,0.414059447321
150757.427645,11078204623632651330,13500764651251791388,3.90625,3.90625,8.49820834056,0.000958907967939,-0.00104298362812,8.4982083734,0.000958937135461,-0.00104304197295,0.188102396862,6.57711923575,-1.86329531198,-3.77119028825,-9.65539999261,5.19812724473,1.74034534081,1.05584595008,1.64829475425,-1.971381929e+45,0.414059447321
150760.045249,11078204623632651330,13500764651251791388,1.953125,1.953125,8.49820834334,0.000958926303165,-0.0010429926559,8.49820835956,0.000958910087536,-0.0010430213989,2.39107257859,6.47421998018,-5.77247778584,-7.40242589597,-9.48579242601,11.6416138616,1.74034534081,1.05584595008,1.64829475425,-1.971381929e+45,0.414059447321
152672.641434,2347911617097605990,5591279701004359434,250.0,250.0,8.4988214806,0.00108313833948,-0.000616939526199,8.49882085718,0.00108717724619,-0.000619286364806,-1.34462548565,1.4962175162,-0.353902912886,-1.74206339875,-0.149971760872,0.855247691032,1.09772974526,1.44126445348,1.31295016802,-1.971381929e+45,0.414059447321
153677.801472,5591279701004359434,2347911617097605990,125.0,125.0,8.4988190951,0.00108688063622,-0.000618330131569,8.49882004622,0.00108486222844,-0.000617405288463,-1.6448748973,-0.50290625135,1.03773229365,-1.5003669124,1.95727444151,-0.595010573097,1.44126445348,1.09772974526,1.31295016802,-1.971381929e+45,0.414059447321
154096.618155,5591279701004359434,2347911617097605990,62.5,62.5,8.49881844725,0.00108657451352,-0.000617850124426,8.49881932605,0.00108581946741,-0.000617706922408,-1.24229083615,-1.03198106236,1.21774845011,-2.04347547062,2.65094897359,-0.831995627672,1.44126445348,1.09772974526,1.31295016802,-1.971381929e+45,0.414059447321
154278.105384,5591279701004359434,2347911617097605990,31.25,31.25,8.49881829723,0.00108633940526,-0.000617627528512,8.49881884045,0.00108636865971,-0.00061785687439,-0.0679075745026,-1.45234538778,1.03060880107,-3.59145736543,3.20244357948,-0.586565764924,1.44126445348,1.09772974526,1.31295016802,-1.971381929e+45,0.414059447321
165851.406386,9216420561047660054,14785353986624596944,15.625,250.0,8.49977104348,0.000962622825045,-0.000313356293407,8.49976913902,0.000964349696309,-0.000313301337833,-4.06428964192,1.10565393169,-1.64083545936,0.863360417499,-0.919945130928,0.788400121877,5.12177966797,5.2582290877,1.0266410171,-1.971381929e+45,0.414059447321
166088.735839,9216420561047660054,14785353986624596944,7.8125,125.0,8.49976994855,0.00096300237913,-0.000313730018446,8.49976943911,0.000964017110318,-0.000313133394329,-5.08946144799,2.33839881236,-1.22718558389,1.7374058516,-2.12886466288,0.389439809303,5.12177966797,5.2582290877,1.0266410171,-1.971381929e+45,0.414059447321
191203.776251,14011632259207511953,12451633346361319744,250.0,250.0,8.50089833427,0.00068429804156,-0.000745512632111,8.50090087552,0.000687700930092,-0.000743355261596,-1.18053053578,1.37359628375,1.10749481675,-2.04512624464,-1.29610179176,0.43255094901,2.66022623912,2.21748853656,1.19965726779,-1.971381929e+45,0.414059447321
191985.567392,14011632259207511953,12451633346361319744,125.0,125.0,8.50089745045,0.000685525382188,-0.000744525198336,8.50089903971,0.000686509700936,-0.000743131346585,-0.91903509346,1.75493180834,1.46054686495,-2.68059888255,-1.75374935414,0.00999073439463,2.66022623912,2.21748853656,1.19965726779,-1.971381929e+45,0.414059447321
192278.73907,12451633346361319744,14011632259207511953,62.5,62.5,8.5008981335,0.000685945728064,-0.000743218596713,8.50089725907,0.000686083352047,-0.000744012034141,-3.57303220006,-1.94569563377,-0.7825148695,-0.183621445498,1.91488522234,2.12136557727,2.21748853656,2.66022623912,1.19965726779,-1.971381929e+45,0.414059447321
193549.149674,3324067097926347486,9305812248627517322,250.0,250.0,8.49977625966,0.000448919213623,-0.000585082346774,8.49977833388,0.000451918648613,-0.000588106820256,-1.48419472373,0.61069949049,-1.23558219465,-2.11507515673,-0.562621777243,1.27848241753,2.97539655201,1.73759384938,1.71236595541,-1.971381929e+45,0.414059447321
194330.940815,3324067097926347486,9305812248627517322,125.0,125.0,8.49977514721,0.000449515171541,-0.000586158424419,8.49977650764,0.000451284517797,-0.000586933471366,-1.22653708666,0.97227125727,-1.48823609906,-2.57654856929,-1.18151780238,1.71148382959,2.97539655201,1.73759384938,1.71236595541,-1.971381929e+45,0.414059447321
194337.921093,14137056001604771048,15528271686501551455,250.0,250.0,8.50046758858,0.00112931006414,-0.000279620216273,8.5004636396,0.0011293143017,-0.000276943173907,-3.01866172842,0.997271079082,2.28595711058,-1.40374942556,-0.104083827039,0.187174944028,1.26607671178,3.53661202068,2.79336314124,-1.971381929e+45,0.414059447321
194638.073049,9305812248627517322,3324067097926347486,62.5,62.5,8.49977559299,0.000450783296625,-0.000586367599648,8.49977482123,0.000449896551605,-0.000586642389184,-3.45063451334,-2.24294764024,1.78340090328,-0.72340109017,1.59218941474,-1.5301484532,1.73759384938,2.97539655201,1.71236595541,-1.971381929e+45,0.414059447321
195168.574181,15528271686501551455,14137056001604771048,125.0,125.0,8.50046255807,0.00112923981893,-0.000276846759747,8.50046471189,0.00113011755317,-0.000277503308131,-1.06195955511,-0.0320741640782,0.0206583463709,-3.98135247214,0.794323308277,2.75144259851,3.53661202068,1.26607671178,2.79336314124,-1.971381929e+45,0.414059447321
195587.390864,14137056001604771048,15528271686501551455,62.5,62.5,8.50046269449,0.00113024903954,-0.000276304544991,8.500462214,0.00112930073773,-0.000276845152848,-5.65681133442,-0.702677545914,2.51681162305,-0.466561299504,0.503514189972,0.104717399092,1.26607671178,3.53661202068,2.79336314124,-1.971381929e+45,0.414059447321
229511.54217,3854139703051259126,15787469121903263076,250.0,250.0,8.49789126832,0.000566551862381,-0.000336755607484,8.49789446159,0.000568461118279,-0.000339634568702,-0.342602314103,0.806093773638,0.877201572069,-2.52149157989,0.324561843653,1.3118232761,1.38724904622,1.65800338837,1.19517356518,-1.971381929e+45,0.414059447321
230572.544433,3854139703051259126,15787469121903263076,125.0,125.0,8.49789094797,0.000567550620255,-0.000336001752483,8.4978914878,0.000568709323064,-0.000338045674399,-0.228351562201,1.1101281065,0.376113355713,-2.97609013017,0.0699016979118,1.73074914142,1.38724904622,1.65800338837,1.19517356518,-1.971381929e+45,0.414059447321
231242.651125,15787469121903263076,3854139703051259126,62.5,62.5,8.49788953263,0.000568580990154,-0.000336513114088,8.49789068689,0.000568521971703,-0.000336158204473,-2.2429490498,-0.464971631094,2.88345134874,-1.11550454353,1.74919995161,-1.00194427446,1.65800338837,1.38724904622,1.19517356518,-1.971381929e+45,0.414059447321
247492.738418,15671511254573451693,1327229190080110086,250.0,250.0,8.49891960413,0.00103354032342,-0.000492545764252,8.49891612141,0.00103335340882,-0.000489239845941,-2.83399220393,1.2242143275,1.79065599012,-1.88645965671,0.241297936337,-0.343162843052,1.16946720711,2.56594431041,2.19411394762,-1.971381929e+45,0.414059447321
248525.819569,1327229190080110086,15671511254573451693,125.0,125.0,8.49891422185,0.00103363994354,-0.000489710647641,8.49891624292,0.00103476431683,-0.000490415991665,-1.61846070868,0.358772532037,-0.571387433954,-3.72838587625,0.966300200216,2.29218197764,2.56594431041,1.16946720711,2.19411394762,-1.971381929e+45,0.414059447321
251373.773012,149898491130850106,15524704802445919,250.0,0.0,8.50003251146,-0.00107505550964,0.000640317343909,8.50003104463,-0.00107638207013,0.00063904606058,-3.87164337665,-2.21713943979,1.20909000495,0.823898398714,0.155332374921,-1.40244667495,4.06623726632,6.96626319432,1.71319643642,-1.971381929e+45,0.414059447321
260224.765575,13504073105337470410,15812868985839769566,250.0,250.0,8.49969574121,0.000717279781055,-0.000409074924875,8.49969535095,0.000717152891532,-0.000404304759911,-2.40929365362,-0.234736970378,0.136524849964,-2.40720405567,-0.0243141976373,-3.30141929869,5.55778992815,1.25342982165,4.43406549946,-1.971381929e+45,0.414059447321
260811.108931,15812868985839769566,13504073105337470410,125.0,125.0,8.49969392013,0.000717143523078,-0.000406561430194,8.49969427463,0.00071713805661,-0.000408930463306,-2.321001291,-0.00917908669567,-4.49382715462,-2.49207904488,-0.2374490559,0.405871181367,1.25342982165,5.55778992815,4.43406549946,-1.971381929e+45,0.414059447321
261020.517272,15812868985839769566,13504073105337470410,62.5,62.5,8.49969344781,0.000717139517885,-0.000407664453298,8.49969373489,0.000717087691423,-0.000408811812027,-1.98563705376,-0.0489397519525,-6.19289558376,-2.57198299087,-0.228230458595,0.789197693404,1.25342982165,5.55778992815,4.43406549946,-1.971381929e+45,0.414059447321
261092.065122,15812868985839769566,13504073105337470410,31.25,31.25,8.49969332132,0.000717131876387,-0.000408182149717,8.4996935424,0.000717071910401,-0.000408739504943,-1.2649738517,-0.218617837517,-8.43668536311,-2.7360354403,-0.189877659744,1.29528038274,1.25342982165,5.55778992815,4.43406549946,-1.971381929e+45,0.414059447321
261119.113699,15812868985839769566,13504073105337470410,15.625,15.625,8.4996933021,0.000717121186826,-0.000408449397963,8.49969346315,0.000717067705307,-0.000408696035652,0.339578158293,-0.711964146703,-11.5385118157,-3.09842641756,-0.0785824541357,1.99484316441,1.25342982165,5.55778992815,4.43406549946,-1.971381929e+45,0.414059447321
261128.929715,13504073105337470410,15812868985839769566,7.8125,7.8125,8.49969342932,0.000717067865709,-0.000408672539326,8.4996933176,0.000717109830733,-0.000408580618879,-3.84924336735,0.189646605997,2.83609289241,3.66787593535,-1.90125714598,-15.2686388927,5.55778992815,1.25342982165,4.43406549946,-1.971381929e+45,0.414059447321
261132.856122,13504073105337470410,15812868985839769566,3.90625,3.90625,8.49969341152,0.000717069540582,-0.00040865974568,8.49969334273,0.000717098146437,-0.000408648161325,-5.42998712417,0.818469195055,3.56608103942,10.6766795022,-4.68947680255,-18.505442442,5.55778992815,1.25342982165,4.43406549946,-1.971381929e+45,0.414059447321
261134.982925,13504073105337470410,15812868985839769566,1.953125,1.953125,8.49969339648,0.000717072740348,-0.000408652706947,8.49969338026,0.000717081652193,-0.000408685229408,-8.89399861006,2.40803345926,1.72450000479,26.0362051366,-11.7376975462,-10.3397451957,5.55778992815,1.25342982165,4.43406549946,-1.971381929e+45,0.414059447321
269885.470391,8043440328553929345,14036624342754365611,250.0,250.0,8.50051020324,0.0010674989722,-0.000190883730556,8.50051420477,0.00106480230842,-0.000190542082636,-1.24342728466,-1.11067845578,0.823509148369,-3.16942541978,1.39163220655,0.477638664816,2.52526735545,3.39652984391,1.34501791922,-1.971381929e+45,0.414059447321
270583.498196,8043440328553929345,14036624342754365611,125.0,125.0,8.50050950604,0.00106658973839,-0.00019028176871,8.50051176861,0.00106588221343,-0.000190211703283,-0.508526460956,-1.48856622998,0.867541792187,-3.80555357237,1.67246090646,0.444571140306,2.52526735545,3.39652984391,1.34501791922,-1.971381929e+45,0.414059447321
270834.788205,8043440328553929345,14036624342754365611,62.5,62.5,8.50050950035,0.00106618451641,-0.00019005743818,8.50051069672,0.00106632887358,-0.000190098493785,0.754661919031,-1.60490238592,0.864534306191,-4.75215808635,1.75891310539,0.446681538072,2.52526735545,3.39652984391,1.34501791922,-1.971381929e+45,0.414059447321
270953.452932,8043440328553929345,14036624342754365611,31.25,31.25,8.50050969858,0.00106603026144,-0.000189960348431,8.50051004055,0.00106651220953,-0.00019003846952,2.8379403944,-0.369061585013,0.644679449164,-6.30376413877,0.840064891236,0.610080670347,2.52526735545,3.39652984391,1.34501791922,-1.971381929e+45,0.414059447321
273682.741648,8714038276565857833,17994782473666388107,250.0,250.0,8.49853842851,0.00109576139977,-0.00144828428559,8.49853982882,0.00110005193602,-0.00144962931065,-2.54619287007,2.43549289732,-0.531830970373,-2.14280510131,-0.247792560944,0.977256787585,1.48646020004,4.00170065868,2.69210077644,-1.971381929e+45,0.414059447321
274436.611677,8714038276565857833,17994782473666388107,125.0,125.0,8.4985366007,0.00109794573835,-0.00144876879348,8.49853811808,0.00109974684793,-0.00144884803918,-2.00292463663,3.43062537633,-0.721188155405,-2.36651492093,-0.617818078361,1.04802167591,1.48646020004,4.00170065868,2.69210077644,-1.971381929e+45,0.414059447321
274785.62558,17994782473666388107,8714038276565857833,62.5,62.5,8.49853718354,0.00109945750931,-0.00144848715541,8.49853612477,0.00109935542593,-0.00144899060999,-3.06758289885,-1.00203674456,0.870266467062,-0.131939132645,4.46451193873,-0.242143866697,4.00170065868,1.48646020004,2.69210077644,-1.971381929e+45,0.414059447321
295740.420275,7229879622744130181,14836758515144716979,250.0,250.0,8.49986408226,-0.000771978993538,0.00101028637705,8.4998594336,-0.0007706820273,0.00101043271698,-2.32585235678,-0.0802864971473,-0.437754085561,-0.344242292124,-0.504710066632,-4.48601494805,10.7803747321,1.08785144344,9.90978574972,-1.971381929e+45,0.414059447321
311432.085324,11470479683222609543,7965627170793681399,250.0,250.0,8.50034244453,-0.000862770491089,0.000194682658509,8.50034192724,-0.000864537489251,0.000199090822862,-2.39994507607,-0.554748456629,0.562472376341,-2.32608773576,1.00086232418,-1.10898055599,1.72899105368,1.30843496964,1.3214191716,-1.971381929e+45,0.414059447321
312409.324251,7965627170793681399,11470479683222609543,125.0,125.0,8.50033958663,-0.000863469312403,0.000197750204115,8.50033997587,-0.000863375523353,0.00019542137233,-2.33183295689,1.13351694474,-1.72203292346,-2.55997959717,-0.653582304198,1.0279771345,1.30843496964,1.72899105368,1.3214191716,-1.971381929e+45,0.414059447321
312786.259265,7965627170793681399,11470479683222609543,62.5,62.5,8.50033871395,-0.0008630497208,0.000196941258313,8.50033896697,-0.000863614215204,0.000195927588511,-2.14374561964,0.909360608243,-2.66937733101,-2.71387201893,-0.483354005722,1.74551351547,1.30843496964,1.72899105368,1.3214191716,-1.971381929e+45,0.414059447321
351272.131341,5240140768658053912,6732573129375896000,3.90625,3.90625,8.49978203861,-0.000896448583377,0.000425027762309,8.49978209875,-0.000896467775217,0.000424986165718,32.0223531733,13.9436470041,7.78497492452,-7.84307842232,-2.3956690389,-1.47287614264,2.16453518755,14.9085275221,6.88763463302,-1.971381929e+45,0.414059447321
422334.742927,7175399475572510421,677601609084372682,250.0,250.0,8.49982654194,0.00117876399736,-0.000116608898949,8.49983077908,0.00117683546129,-0.000115935666684,-1.3667724591,-0.168637467119,0.85196603141,-3.61276928019,0.854843778158,-0.28876801454,2.66820337939,1.6427225855,1.62425683005,-1.971381929e+45,0.414059447321
423088.612956,7175399475572510421,677601609084372682,125.0,125.0,8.49982545681,0.00117857590937,-0.000115941706573,8.49982762898,0.00117758817702,-0.000116174616166,-1.35418453864,-0.362017098909,0.863192224498,-4.71162081874,1.16719171765,-0.305721944518,2.66820337939,1.6427225855,1.62425683005,-1.971381929e+45,0.414059447321
423381.784634,677601609084372682,7175399475572510421,62.5,62.5,8.49982609607,0.00117799251514,-0.000116238805456,8.49982512399,0.00117843382602,-0.000115699774624,-5.72780489143,1.62711405185,0.0172672245195,-0.734142447487,-0.64556470327,0.664611745309,1.6427225855,2.66820337939,1.62425683005,-1.971381929e+45,0.414059447321
423500.449361,7175399475572510421,677601609084372682,31.25,31.25,8.49982507467,0.00117833740023,-0.000115652117535,8.49982533615,0.0011782193312,-0.0001161831011,0.0215322841103,-0.988687617815,-0.143621512599,-6.95870351128,2.18417682881,1.33022734637,2.66820337939,1.6427225855,1.62425683005,-1.971381929e+45,0.414059447321
436016.087899,7097626575570319565,5649338494386170122,250.0,250.0,8.49796810921,0.00106088489975,-0.000929967616709,8.49796390099,0.00106108705791,-0.000927666608743,-3.66151626507,-0.20316105932,1.22029553164,-2.29034758451,1.33387705754,-0.148546771686,1.82337906863,1.68608789039,1.08142587289,-1.971381929e+45,0.414059447321
437467.985732,7097626575570319565,5649338494386170122,125.0,125.0,8.4979621446,0.00106077170342,-0.000927959914124,8.49796095887,0.00106286426924,-0.00092809779286,-4.49089635242,0.300655145256,1.45437239863,-1.54445734912,0.789611821999,-0.40022765472,1.82337906863,1.68608789039,1.08142587289,-1.971381929e+45,0.414059447321
449920.801767,11868334975191035994,16651984382489777050,250.0,250.0,8.49759458937,0.000524818097844,-0.000122135685202,8.49759242342,0.000529035400601,-0.000122154909571,-4.25857910193,2.20514712666,1.69583705268,-2.87690454731,-0.820359984421,0.16162737596,3.52139249973,3.35858432935,1.04847523671,-1.971381929e+45,0.414059447321
450549.026791,11868334975191035994,16651984382489777050,125.0,125.0,8.4975917374,0.000526411130583,-0.000121070647966,8.49759064721,0.000528329622009,-0.000122025925771,-4.701216651,2.89471864807,1.53306616448,-2.5665653681,-1.52431199216,0.330672862753,3.52139249973,3.35858432935,1.04847523671,-1.971381929e+45,0.414059447321
450842.198469,11868334975191035994,16651984382489777050,62.5,62.5,8.49759025486,0.000527398428694,-0.000120713421836,8.49758995275,0.00052774876569,-0.000121819484212,-5.27087123054,3.77165699768,0.475927016201,-1.97928144654,-2.43474710685,1.43846651915,3.52139249973,3.35858432935,1.04847523671,-1.971381929e+45,0.414059447321
550035.43965,3324067097926347486,9305812248627517322,31.25,31.25,8.49882055367,0.000518096573856,-0.000678717720981,8.49882082367,0.000517566585915,-0.000678641598506,-2.35090455426,-1.73679396048,-2.33796946011,-5.13976105713,3.23153673077,3.56558499987,2.97539655201,1.73759384938,1.71236595541,-1.971381929e+45,0.414059447321
555473.076248,9216420561047660054,14785353986624596944,3.90625,62.5,8.49876985931,0.000892690235134,-0.000489128035762,8.49876994238,0.000892089428793,-0.000489334773503,-7.15709220385,-2.49862795026,-4.8674021662,-0.35154230351,1.63966939703,3.79366222764,5.12177966797,5.2582290877,1.0266410171,-1.971381929e+45,0.414059447321
579986.067678,14011632259207511953,12451633346361319744,31.25,31.25,8.49981471226,0.000740348803971,-0.000396572305396,8.49981496486,0.000740810798065,-0.000396292893624,-2.98303955761,3.65703999825,1.91267092892,-5.09224819536,-4.15480705634,-0.197326061307,2.66022623912,2.21748853656,1.19965726779,-1.971381929e+45,0.414059447321
580018.351464,12451633346361319744,14011632259207511953,15.625,15.625,8.49981478228,0.000740654745298,-0.00039631297181,8.4998146215,0.00074048528011,-0.000396497847276,-6.23279192324,-5.54685107276,-1.32556449159,-2.29373740493,4.81736997717,2.85331218769,2.21748853656,2.66022623912,1.19965726779,-1.971381929e+45,0.414059447321
580030.56695,14011632259207511953,12451633346361319744,7.8125,7.8125,8.49981460006,0.000740551230034,-0.000396453806655,8.49981469577,0.000740578530516,-0.00039633960288,-0.759395861774,5.79856077814,4.65370752808,-8.07389403415,-6.72395074745,-3.48540993457,2.66022623912,2.21748853656,1.19965726779,-1.971381929e+45,0.414059447321
580036.45656,12451633346361319744,14011632259207511953,3.90625,3.90625,8.49981463818,0.000740539019367,-0.000396371482974,8.49981460295,0.000740585331898,-0.000396416701445,-11.7949704015,-5.22120765527,-8.07008632551,2.3422546904,4.54591429021,8.47536745807,2.21748853656,2.66022623912,1.19965726779,-1.971381929e+45,0.414059447321
581764.29351,3324067097926347486,11451822551562268535,15.625,250.0,8.49869260307,0.00051007413252,-0.000667303425312,8.4986926544,0.000508001910006,-0.000665794895854,-4.42148983516,-1.51480695673,0.792189959397,-3.43131635997,2.59257352022,-0.50518714406,2.97539655201,2.88528917064,1.03122993088,-1.971381929e+45,0.414059447321
582043.504632,3324067097926347486,11451822551562268535,7.8125,125.0,8.49869134936,0.000509554443767,-0.00066700120978,8.49869166252,0.0005088322811,-0.000666017753533,-4.28690714674,-2.25897570236,1.52957161548,-3.59091593283,3.36144071102,-1.26714358865,2.97539655201,2.88528917064,1.03122993088,-1.971381929e+45,0.414059447321
582155.189081,11451822551562268535,3324067097926347486,62.5,3.90625,8.49869122445,0.000509250193218,-0.000666229054634,8.4986908866,0.000509263514659,-0.000666761984874,-4.33392285463,3.92382148882,-2.80424614878,-3.56975610393,-2.80376263109,3.0195231135,2.88528917064,2.97539655201,1.03122993088,-1.971381929e+45,0.414059447321
595054.742911,12902711378053227363,9996193516265748156,250.0,250.0,8.49697997245,0.000688810792604,8.95783243046e-05,8.49697645377,0.000685892282839,8.80723470564e-05,-5.5395446078,1.19430024213,0.883500611169,-3.54784826324,0.23870061801,1.14099903495,1.00069051758,1.67792489963,1.6767670625,-1.971381929e+45,0.414059447321
614002.707668,9216420561047660054,14785353986624596944,1.953125,31.25,8.49852924347,0.000861173446057,-0.000531884728911,8.49852937921,0.000861293737097,-0.000532139378669,-4.39845982492,7.06159964135,-4.69487839052,-3.79727372762,-7.64522676484,3.55906193683,5.12177966797,5.2582290877,1.0266410171,-1.971381929e+45,0.414059447321
614016.668224,14785353986624596944,9216420561047660054,15.625,0.9765625,8.49852930369,0.000861181449285,-0.000532059337426,8.49852920095,0.000861277483165,-0.000531981762175,-7.92146548472,-6.84858399452,8.40925413177,-0.387440416994,6.24351297074,-9.67385775228,5.2582290877,5.12177966797,1.0266410171,-1.971381929e+45,0.414059447321
888715.040328,12902711378053227363,16651984382489777050,125.0,31.25,8.49565908049,0.000813665998261,0.000332586736658,8.4956594201,0.000814577108429,0.000331464877336,-2.74645619805,3.20170207029,-0.193251177667,-6.15108204704,-0.0389552550756,1.44438938482,1.00069051758,3.35858432935,3.35626676816,7.26640526379e+46,11.6029169108
888889.547279,16651984382489777050,12902711378053227363,15.625,62.5,8.49565828112,0.000814544406086,0.000331762076434,8.49565855949,0.000814323913497,0.000332419722769,-6.53436980737,-0.367370408585,2.03539113536,-3.35610027341,4.30500372614,-2.17914149946,3.35858432935,1.00069051758,3.35626676816,7.26640526379e+46,11.6029169108
930331.458042,14853521806188378347,10625010120544485706,7.8125,250.0,8.49523475668,0.00114294496877,-0.00022454505902,8.49523247702,0.00114367003642,-0.000225028061664,-6.09407404273,0.829456539806,-0.573603678026,-4.4553251913,0.286549642866,2.73894031472,2.22888216821,1.89456328387,1.17646224182,7.26640526379e+46,11.6029169108
932620.989241,3944414835005303555,15083993435020158679,250.0,250.0,8.49762312627,-0.000892142866643,0.000203992999879,8.49762197533,-0.000887574620009,0.000203939594077,-7.41706346057,-0.000441712453064,0.491844556688,-6.84543950334,-2.49906310066,-1.46932894139,1.27383237216,3.67055096162,2.88150234037,7.26640526379e+46,11.6029169108
933542.385943,15083993435020158679,3944414835005303555,125.0,125.0,8.49761555539,-0.000890088657147,0.000202595883311,8.49761600935,-0.000891690711236,0.000204338384251,-6.76085917371,-2.90462831462,-1.28890939348,-7.7453860164,1.15546837433,-0.0290057838562,3.67055096162,1.27383237216,2.88150234037,7.26640526379e+46,11.6029169108
1002814.66528,11924556288815508312,6577982972876245675,250.0,250.0,8.49564340826,0.00143109983014,-0.000310008345739,8.49564180365,0.00143319352004,-0.000314071230821,-6.95582828035,0.533738438026,-0.591912131853,-6.22125861475,-0.369464298364,1.13383074838,1.43388259855,1.10335509712,1.29956584447,7.26640526379e+46,11.6029169108
1003791.9042,11924556288815508312,6577982972876245675,125.0,125.0,8.4956362058,0.00143169878592,-0.000310724527363,8.4956354479,0.00143274067882,-0.000312772386136,-7.48483760789,0.702797552613,-0.916053387207,-6.46225625966,-0.586041942566,1.56252486142,1.43388259855,1.10335509712,1.29956584447,7.26640526379e+46,11.6029169108
1004133.93783,6577982972876245675,11924556288815508312,62.5,62.5,8.4956332157,0.00143249458971,-0.000312144275602,8.49563356407,0.00143197639496,-0.000311107378501,-6.25541087009,-0.88952754561,2.16640319558,-7.65446994041,0.937195944785,-1.37884828676,1.10335509712,1.43388259855,1.29956584447,7.26640526379e+46,11.6029169108
1004256.09269,11924556288815508312,6577982972876245675,31.25,31.25,8.49563259721,0.00143210964532,-0.000311312186911,8.49563244772,0.00143236247564,-0.000311831274298,-7.86873406007,1.27313659719,-2.05903373313,-5.98172360095,-1.32570274004,3.05121955288,1.43388259855,1.10335509712,1.29956584447,7.26640526379e+46,11.6029169108
1004297.97436,11924556288815508312,6577982972876245675,15.625,15.625,8.49563225587,0.00143217187214,-0.00031141634105,8.49563219707,0.00143229569484,-0.000311679834927,-8.11686851632,1.73689080628,-3.02813437568,-5.66095475952,-1.9282443587,4.31092780882,1.43388259855,1.10335509712,1.29956584447,7.26640526379e+46,11.6029169108
1004312.80745,11924556288815508312,6577982972876245675,7.8125,7.8125,8.49563213111,0.00143220204789,-0.000311470544934,8.49563211331,0.00143226147004,-0.000311603693858,-8.37018704733,2.38824107724,-4.45027399487,-5.33233359106,-2.77466824759,6.1591974309,1.43388259855,1.10335509712,1.29956584447,7.26640526379e+46,11.6029169108
1004317.82453,6577982972876245675,11924556288815508312,3.90625,3.90625,8.49563208645,0.00143224503123,-0.000311567054708,8.49563208778,0.00143221599637,-0.000311497254622,-5.14139834939,-3.86008035803,8.67765026104,-8.51726796622,3.22346506689,-6.38816513163,1.10335509712,1.43388259855,1.29956584447,7.26640526379e+46,11.6029169108
1004319.78773,6577982972876245675,11924556288815508312,1.953125,1.953125,8.49563207603,0.00143223605724,-0.000311546591692,8.49563207075,0.00143222341006,-0.000311512420049,-5.41073662174,-5.41787064114,12.6417293796,-8.31006941559,4.42217056651,-9.43846471582,1.10335509712,1.43388259855,1.29956584447,7.26640526379e+46,11.6029169108
1004320.45577,6577982972876245675,11924556288815508312,0.9765625,0.9765625,8.49563207201,0.0014322318439,-0.000311536497453,8.49563206533,0.00143222682516,-0.000311519989868,-6.92426736259,-7.26332253454,18.1062159591,-7.14544704277,5.84222488127,-13.6433165514,1.10335509712,1.43388259855,1.29956584447,7.26640526379e+46,11.6029169108
1004320.70798,11924556288815508312,6577982972876245675,0.48828125,0.48828125,8.4956320638,0.00143222849365,-0.000311524102196,8.49563206982,0.00143222976045,-0.00031153105627,-3.61597529768,7.26833574417,-19.3842160188,-11.5110576133,-9.11664667489,25.5668946175,1.43388259855,1.10335509712,1.29956584447,7.26640526379e+46,11.6029169108
1004320.81023,6577982972876245675,11924556288815508312,0.244140625,0.244140625,8.49563206817,0.0014322287688,-0.000311528002555,8.49563206376,0.00143222928319,-0.000311526421752,-23.386815167,-9.32036137927,33.7023139545,5.52227196712,7.42509197223,-25.6443209949,1.10335509712,1.43388259855,1.29956584447,7.26640526379e+46,11.6029169108
1137534.03157,12902711378053227363,9996193516265748156,31.25,125.0,8.49403849603,0.000967689691307,0.00060057263363,8.49403849595,0.000969105667576,0.000601092843788,-7.28743967219,3.56719355992,0.336709187024,-8.02867213339,-0.142517753929,1.38774933114,1.00069051758,1.67792489963,1.6767670625,1.27615942278e+47,21.6857577599
1137771.36103,12902711378053227363,9996193516265748156,15.625,62.5,8.49403669313,0.000968674563196,0.000600730550642,8.49403652955,0.000968997301218,0.000601382163108,-7.66671390908,4.68992295363,1.33677744557,-8.1161528883,-0.834901536668,0.774424391294,1.00069051758,1.67792489963,1.6767670625,1.27615942278e+47,21.6857577599
1192789.91259,11968066908269891248,15671511254573451693,250.0,62.5,8.49436907169,0.00152211554987,-8.42647132724e-05,8.49437090786,0.00152020899603,-8.56968480916e-05,-6.17878710801,0.442795753929,-0.773836168069,-8.11523306241,-0.355671222269,1.50192906624,1.95759806083,1.16946720711,1.67392300437,1.27615942278e+47,21.6857577599
1288063.72765,1948522190424490420,14785353986624596944,15.625,7.8125,8.49445306258,0.000511413014718,-0.000733034271916,8.49445328484,0.000511441493259,-0.000733066195373,-0.591723484258,-5.60654614644,4.5633815107,-14.4954864438,5.01701353553,-5.28536735174,5.40343984706,5.2582290877,1.02761590584,1.27615942278e+47,21.6857577599
1340604.2805,677601609084372682,12145241263903208578,15.625,250.0,8.49475969025,0.0010410636412,0.000413713911695,8.49476182959,0.00104036437945,0.000412468419816,-8.26664518457,-0.987970692937,-0.397027204621,-8.44076516033,0.711571566966,2.37907261987,1.6427225855,1.3781249516,1.19199828984,1.27615942278e+47,21.6857577599
1340876.51135,12902711378053227363,9996193516265748156,7.8125,31.25,8.49247723317,0.00107862050266,0.000844594424679,8.49247715856,0.00107897259761,0.000844710193803,-7.16535843382,4.87987869136,-0.986156049653,-8.34894825337,-1.85603307405,2.67493502018,1.00069051758,1.67792489963,1.6767670625,1.27615942278e+47,21.6857577599
1941799.05049,9996193516265748156,12902711378053227363,15.625,3.90625,8.48663048666,0.00139059575031,0.00143618302145,8.48663059179,0.0013905149612,0.00143605042478,-10.2778354873,-3.18268779564,2.73678136701,-14.8701231478,5.65485383165,-2.06434654329,1.67792489963,1.00069051758,1.6767670625,3.70397557836e+47,58.099086645
1951964.95293,11968066908269891248,12534815818879051069,125.0,250.0,8.48713681404,0.00173428216825,0.000244052396578,8.48714041384,0.00173466843185,0.000243876174612,-10.5013527259,-0.87765862905,0.0630611497955,-12.7259370274,-1.06380668172,2.31155090548,1.95759806083,1.42173476478,1.37690806283,3.70397557836e+47,58.099086645
2070294.62638,13847094868659398456,7097626575570319565,250.0,62.5,8.48572786255,0.00184602513257,0.000369321974482,8.48572562836,0.00184690327132,0.000367479265605,-11.7024868417,1.71361971705,-0.661349533765,-13.5597288972,0.104608297255,0.868360771306,1.0916904254,1.82337906863,1.67023455203,4.12080956646e+47,74.4486812682
2129738.67422,7229879622744130181,3670285306251193304,125.0,250.0,8.4864415897,-0.000947907265509,-0.000304779652668,8.48644171506,-0.000944810503526,-0.000302950445894,-12.8818510066,1.19546766992,-2.74535699226,-8.09274106802,-2.47358512047,-0.680896521699,10.7803747321,3.59833989928,2.99593007715,4.12080956646e+47,74.4486812682
2281071.10227,15079076746444234012,7175399475572510421,250.0,15.625,8.48435446765,0.00093826060879,0.00102643333515,8.48435323343,0.000936078615792,0.00102679272775,-14.3695967874,-1.71536888384,0.265768125488,-14.0222091786,1.56807893384,3.12223598961,3.52984741814,2.66820337939,1.3229304203,4.83404666956e+47,79.008857641
2333632.59596,15079076746444234012,7175399475572510421,125.0,7.8125,8.48356541914,0.000932786119184,0.00108166402574,8.48356441659,0.000932688735944,0.00108244488299,-17.0555675158,-0.461824510032,-0.626975530713,-11.7795035343,0.68464719331,2.59763512011,3.52984741814,2.66820337939,1.3229304203,4.83404666956e+47,79.008857641
2809708.49957,7175399475572510421,15079076746444234012,3.90625,62.5,8.47596738693,0.000952748691289,0.0013169838596,8.47596751181,0.000952715152115,0.0013163534835,-11.9197456968,0.950047052335,1.19310931679,-20.6300984883,-0.702480735506,-0.217886618421,2.66820337939,3.52984741814,1.3229304203,7.16510630805e+47,86.9622687228
2944267.39445,15524704802445919,6732573129375896000,0.0,1.953125,8.47421342469,-0.000968997536661,-0.000518099450743,8.47421343354,-0.000969013240879,-0.000518104001714,-33.0859363271,-57.833637296,28.6445880377,-10.7363205511,30.8342053993,-13.1015476705,6.96626319432,14.9085275221,2.14010397056,8.08766947592e+47,2.66966660922
3382082.57404,15079076746444234012,7175399475572510421,31.25,1.953125,8.46529221168,0.000893166861692,0.0015895446521,8.46529201017,0.000893297989054,0.00158975137821,-23.8773093643,2.56214668028,-1.68394974018,-15.1337937278,-4.39639461342,4.73122044807,3.52984741814,2.66820337939,1.3229304203,1.06048639148e+48,122.055850682
3402215.44099,16697062354899559908,15079076746444234012,250.0,15.625,8.46487569737,0.00087967991136,0.00162340187635,8.46487637169,0.000881940677376,0.00162440986738,-22.2223242201,1.88876469726,-0.160538105433,-19.6833866304,-2.48034952535,1.50162354515,4.28336142517,3.52984741814,1.21346928572,1.06048639148e+48,122.055850682
3432754.15745,16697062354899559908,15528271686501551455,125.0,31.25,8.4642345031,0.000890054571938,0.00165594669291,8.4642356146,0.000889725906253,0.0016569021635,-19.3334372893,-0.829379625462,2.67201179209,-22.8225198857,0.670455160179,-2.83476449532,4.28336142517,3.53661202068,1.21114824022,1.06048639148e+48,122.055850682
3432855.37148,16697062354899559908,15528271686501551455,62.5,15.625,8.46423253519,0.000889956913548,0.00165625463283,8.46423319126,0.000889809168062,0.00165657084411,-18.4027376107,-1.11908065825,3.39952761259,-24.3483185007,1.01284064157,-3.71416555774,4.28336142517,3.53661202068,1.21114824022,1.06048639148e+48,122.055850682
3432892.89047,15528271686501551455,16697062354899559908,7.8125,31.25,8.46423222275,0.000889854850306,0.00165641645805,8.46423185731,0.000889908294302,0.00165639489238,-26.7188260621,1.44620236245,-4.32646157412,-16.4478590218,-1.47946431812,3.90591617064,3.53661202068,4.28336142517,1.21114824022,1.06048639148e+48,122.055850682
3432908.5961,16697062354899559908,15528271686501551455,15.625,3.90625,8.46423161458,0.000889882169745,0.00165645470802,8.4642317676,0.00088988092876,0.00165635050786,-13.0953480134,-1.75941358014,2.97367253156,-30.7803480447,1.78396038219,-3.19694650377,4.28336142517,3.53661202068,1.21114824022,1.06048639148e+48,122.055850682
3748178.96181,11868334975191035994,9996193516265748156,31.25,7.8125,8.45606925086,0.00241191491628,0.00303397838738,8.45606952756,0.00241210302445,0.00303381690113,-20.7229809018,1.16612816497,-2.82002798893,-25.2476739694,0.740141370331,7.27419273068,3.52139249973,1.67792489963,2.09865918344,1.31464622538e+48,160.26783409
3748205.13785,11868334975191035994,9996193516265748156,15.625,3.90625,8.4560687176,0.00241196506,0.00303389944816,8.45606880295,0.00241208317813,0.00303401865779,-18.7786137889,3.08995738766,-2.48833340051,-29.5987815518,-3.29281417569,6.56253790599,3.52139249973,1.67792489963,2.09865918344,1.31464622538e+48,160.26783409
3804152.0664,11868334975191035994,3854139703051259126,7.8125,31.25,8.45480247156,0.0024537860444,0.00307208855574,8.4548022517,0.00245364077504,0.00307181684591,-22.0532927089,3.11247071587,0.155672308529,-19.9737478255,-6.81026108248,4.19358449669,3.52139249973,1.38724904622,2.53839965456,1.31464622538e+48,160.26783409
4307869.1076,16697062354899559908,15528271686501551455,7.8125,1.953125,8.44360619282,0.000867572043595,0.00199800219654,8.44360625464,0.0008675841659,0.00199807136368,-26.5376806111,2.41170099536,12.5621323211,-26.0050362094,-3.44655106545,-13.6483904284,4.28336142517,3.53661202068,1.21114824022,1.73826342104e+48,86.9015647809
4307871.61614,15528271686501551455,16697062354899559908,0.9765625,3.90625,8.44360617864,0.000867574577125,0.0019980307961,8.44360613236,0.000867578846853,0.00199803900894,-36.1955689766,-3.68906318155,-17.1508401365,-18.1635268269,2.61157620794,15.453744942,3.53661202068,4.28336142517,1.21114824022,1.73826342104e+48,86.9015647809
5312885.069,16924635922147800723,11968066908269891248,250.0,62.5,8.41523198021,0.00202084168772,0.00255501036312,8.41522990207,0.00201932016495,0.00255344014864,-31.2394214057,-0.234182448868,-1.23891934361,-31.8925155717,-0.166960215155,1.82554316877,1.02560927191,1.95759806083,1.90871720299,2.62797790468e+48,368.965663428
5483036.32666,6732523353535327432,17489081237236466449,250.0,250.0,8.40928143237,0.0017950335025,0.00285313424205,8.40928318594,0.00179156785274,0.00285598634404,-32.0527678926,-0.941621326047,1.86755530932,-31.2260479382,0.625148596021,-0.106301756184,1.77203865723,2.20918079783,1.24668882861,2.73184684486e+48,430.572773745
5484292.77671,17489081237236466449,6732523353535327432,125.0,125.0,8.40924254321,0.00179265428448,0.00285566225639,8.40924029757,0.00179347054789,0.00285576504928,-32.2625512717,1.13344618064,-0.371246051366,-31.6862597885,-1.57534205786,2.19369830812,2.20918079783,1.77203865723,1.24668882861,2.73184684486e+48,430.572773745
5568949.58886,13313941436665571443,7097626575570319565,250.0,31.25,8.40699286242,0.00205272449265,0.0026989313276,8.40699151821,0.0020510489596,0.00270051289674,-33.8151440048,-0.644914029556,1.21287241798,-30.1772718516,1.14995859495,0.338856584761,3.77890936245,1.82337906863,2.07247600208,2.73184684486e+48,430.572773745
5569298.60276,7097626575570319565,13313941436665571443,15.625,125.0,8.40698073537,0.00205160174185,0.00270048533251,8.4069806668,0.00205242553628,0.00269943552018,-30.2991774613,2.18073769202,-0.804658983764,-34.4929135247,-1.14279464617,1.76249570795,1.82337906863,3.77890936245,2.07247600208,2.73184684486e+48,430.572773745
6778575.9321,13313941436665571443,11968066908269891248,62.5,31.25,8.36256694387,0.00181398911695,0.00386092610091,8.36256730599,0.00181473738326,0.00386063320075,-37.5919538121,1.16238087426,1.95597531608,-42.8777713035,-3.26349811451,-0.90851484115,3.77890936245,1.95759806083,1.93038062208,4.25953217553e+48,473.837514857
7607002.31094,13313941436665571443,1327229190080110086,31.25,62.5,8.32720553917,0.00173628854305,0.00436971791615,8.3272057063,0.00173545889681,0.00436993438598,-44.2326166732,-1.3680534084,3.60425270652,-44.9655527531,2.2625001019,-3.26726509228,3.77890936245,2.56594431041,1.47271682675,5.33771798226e+48,796.934898552
8214408.65585,17994782473666388107,1327229190080110086,31.25,31.25,8.29860173,0.00168522296952,0.00469223055196,8.29860214976,0.00168484680337,0.00469202381651,-45.2502421526,1.29535428567,2.39338417415,-53.205121811,-1.86244297265,-2.15111652413,4.00170065868,2.56594431041,1.55954306664,6.26247160598e+48,838.718614731
9109754.96033,13313941436665571443,11968066908269891248,15.625,15.625,8.25225391254,0.00152062028472,0.00509154587991,8.25225367017,0.00152079388682,0.00509154533699,-54.0609881619,1.28345114134,4.22616889179,-52.3570567763,-3.966606537,-7.35309818879,3.77890936245,1.95759806083,1.93038062208,7.56487245487e+48,827.15101248
